TeamID,SEASON,LeagueID,PLAYER,NICKNAME,PLAYER_SLUG,NUM,POSITION,HEIGHT,WEIGHT,BIRTH_DATE,AGE,EXP,SCHOOL,PLAYER_ID,HOW_ACQUIRED,TEAM_ID
1610612737,2020,00,Brandon Goodwin,Brandon,brandon-goodwin,0,G,6-0,180,"OCT 02, 1995",25.0,2,Florida Gulf Coast,1629164,,1610612737
1610612737,2020,00,Nathan Knight,Nathan,nathan-knight,1,F-C,6-10,253,"SEP 20, 1997",23.0,R,William & Mary,1630233,,1610612737
1610612737,2020,00,Kevin Huerter,Kevin,kevin-huerter,3,G-F,6-7,190,"AUG 27, 1998",22.0,2,Maryland,1628989,,1610612737
1610612737,2020,00,Skylar Mays,Skylar,skylar-mays,4,G,6-4,205,"SEP 05, 1997",23.0,R,Louisiana State,1630219,,1610612737
1610612737,2020,00,Lou Williams,Lou,lou-williams,6,G,6-1,175,"OCT 27, 1986",34.0,15,South Gwinnett HS (GA),101150,,1610612737
1610612737,2020,00,Danilo Gallinari,Danilo,danilo-gallinari,8,F,6-10,233,"AUG 08, 1988",32.0,11,Olimpia Milano,201568,,1610612737
1610612737,2020,00,Trae Young,Trae,trae-young,11,G,6-1,180,"SEP 19, 1998",22.0,2,Oklahoma,1629027,Draft Rights Traded from DAL on 06/21/18,1610612737
1610612737,2020,00,De'Andre Hunter,De'Andre,deandre-hunter,12,F-G,6-8,225,"DEC 02, 1997",23.0,1,Virginia,1629631,,1610612737
1610612737,2020,00,Bogdan Bogdanović,Bogdan,bogdan-bogdanović,13,G,6-6,220,"AUG 18, 1992",28.0,3,Fenerbahce,203992,,1610612737
1610612737,2020,00,Clint Capela,Clint,clint-capela,15,C,6-10,240,"MAY 18, 1994",27.0,6,Elan Chalon,203991,Traded from HOU on 02/05/20,1610612737
1610612737,2020,00,Onyeka Okongwu,Onyeka,onyeka-okongwu,17,F-C,6-8,235,"DEC 11, 2000",20.0,R,Southern California,1630168,#6 Pick in 2020 Draft,1610612737
1610612737,2020,00,Solomon Hill,Solomon,solomon-hill,18,F,6-6,226,"MAR 18, 1991",30.0,7,Arizona,203524,,1610612737
1610612737,2020,00,Tony Snell,Tony,tony-snell,19,G,6-6,213,"NOV 10, 1991",29.0,7,New Mexico,203503,,1610612737
1610612737,2020,00,John Collins,John,john-collins,20,F-C,6-9,235,"SEP 23, 1997",23.0,3,Wake Forest,1628381,,1610612737
1610612737,2020,00,Cam Reddish,Cam,cam-reddish,22,F-G,6-8,218,"SEP 01, 1999",21.0,1,Duke,1629629,,1610612737
1610612737,2020,00,Bruno Fernando,Bruno,bruno-fernando,24,F-C,6-9,240,"AUG 15, 1998",22.0,1,Maryland,1628981,,1610612737
1610612737,2020,00,Kris Dunn,Kris,kris-dunn,32,G,6-3,205,"MAR 18, 1994",27.0,4,Providence,1627739,,1610612737
1610612738,2020,00,Jayson Tatum,Jayson,jayson-tatum,0,F-G,6-8,210,"MAR 03, 1998",23.0,3,Duke,1628369,#3 Pick in 2017 Draft,1610612738
1610612738,2020,00,Carsen Edwards,Carsen,carsen-edwards,4,G,5-11,200,"MAR 12, 1998",23.0,1,Purdue,1629035,,1610612738
1610612738,2020,00,Jaylen Brown,Jaylen,jaylen-brown,7,G-F,6-6,223,"OCT 24, 1996",24.0,4,California,1627759,#3 Pick in 2016 Draft,1610612738
1610612738,2020,00,Moses Brown,Moses,moses-brown,9,C,7-2,245,"OCT 13, 1999",21.0,1,UCLA,1629650,,1610612738
1610612738,2020,00,Payton Pritchard,Payton,payton-pritchard,11,G,6-1,195,"JAN 28, 1998",23.0,R,Oregon,1630202,#26 Pick in 2020 Draft,1610612738
1610612738,2020,00,Grant Williams,Grant,grant-williams,12,F,6-6,236,"NOV 30, 1998",22.0,1,Tennessee,1629684,,1610612738
1610612738,2020,00,Tristan Thompson,Tristan,tristan-thompson,13,C-F,6-9,254,"MAR 13, 1991",30.0,9,Texas-Austin,202684,,1610612738
1610612738,2020,00,Jabari Parker,Jabari,jabari-parker,20,F,6-8,245,"MAR 15, 1995",26.0,6,Duke,203953,,1610612738
1610612738,2020,00,Aaron Nesmith,Aaron,aaron-nesmith,26,G-F,6-5,215,"OCT 16, 1999",21.0,R,Vanderbilt,1630174,,1610612738
1610612738,2020,00,Marcus Smart,Marcus,marcus-smart,36,G,6-3,220,"MAR 06, 1994",27.0,6,Oklahoma State,203935,,1610612738
1610612738,2020,00,Semi Ojeleye,Semi,semi-ojeleye,37,F,6-6,240,"DEC 05, 1994",26.0,3,Southern Methodist,1628400,,1610612738
1610612738,2020,00,Luke Kornet,Luke,luke-kornet,40,F-C,7-2,250,"JUL 15, 1995",25.0,3,Vanderbilt,1628436,Signed on 02/11/22,1610612738
1610612738,2020,00,Al Horford,Al,al-horford,42,C-F,6-9,240,"JUN 03, 1986",35.0,13,Florida,201143,Traded from OKC on 06/18/21,1610612738
1610612738,2020,00,Robert Williams III,Robert,robert-williams-iii,44,C-F,6-8,237,"OCT 17, 1997",23.0,2,Texas A&M,1629057,,1610612738
1610612738,2020,00,Romeo Langford,Romeo,romeo-langford,45,G-F,6-4,216,"OCT 25, 1999",21.0,1,Indiana,1629641,,1610612738
1610612738,2020,00,Tremont Waters,Tremont,tremont-waters,51,G,5-10,175,"JAN 10, 1998",23.0,1,Louisiana State,1629682,,1610612738
1610612738,2020,00,Evan Fournier,Evan,evan-fournier,94,G-F,6-7,205,"OCT 29, 1992",28.0,8,Poitiers Basket 86,203095,,1610612738
1610612738,2020,00,Tacko Fall,Tacko,tacko-fall,99,C,7-5,311,"DEC 10, 1995",25.0,1,UCF,1629605,,1610612738
1610612739,2020,00,Kevin Love,Kevin,kevin-love,0,F-C,6-8,251,"SEP 07, 1988",32.0,12,UCLA,201567,,1610612739
1610612739,2020,00,Collin Sexton,Collin,collin-sexton,2,G,6-1,190,"JAN 04, 1999",22.0,2,Alabama,1629012,,1610612739
1610612739,2020,00,Jeremiah Martin,Jeremiah,jeremiah-martin,3,G,6-2,185,"JUN 19, 1996",25.0,1,Memphis,1629725,,1610612739
1610612739,2020,00,Lamar Stevens,Lamar,lamar-stevens,8,F,6-6,230,"JUL 09, 1997",23.0,R,Penn State,1630205,,1610612739
1610612739,2020,00,Dylan Windler,Dylan,dylan-windler,9,G-F,6-6,196,"SEP 22, 1996",24.0,R,Belmont,1629685,,1610612739
1610612739,2020,00,Darius Garland,Darius,darius-garland,10,G,6-1,192,"JAN 26, 2000",21.0,1,Vanderbilt,1629636,#5 Pick in 2019 Draft,1610612739
1610612739,2020,00,Taurean Prince,Taurean,taurean-prince,12,F,6-7,218,"MAR 22, 1994",27.0,4,Baylor,1627752,,1610612739
1610612739,2020,00,Cedi Osman,Cedi,cedi-osman,16,F,6-7,230,"APR 08, 1995",26.0,3,Anadolu Efes,1626224,,1610612739
1610612739,2020,00,Matthew Dellavedova,Matthew,matthew-dellavedova,18,G,6-3,200,"SEP 08, 1990",30.0,7,Saint Mary's,203521,,1610612739
1610612739,2020,00,Damyean Dotson,Damyean,damyean-dotson,21,G,6-5,210,"MAY 06, 1994",27.0,3,Houston,1628422,,1610612739
1610612739,2020,00,Larry Nance Jr.,Larry,larry-nance-jr,22,F-C,6-7,245,"JAN 01, 1993",28.0,5,Wyoming,1626204,,1610612739
1610612739,2020,00,Mfiondu Kabengele,Mfiondu,mfiondu-kabengele,27,F-C,6-9,250,"AUG 14, 1997",23.0,1,Florida State,1629662,,1610612739
1610612739,2020,00,Jarrett Allen,Jarrett,jarrett-allen,31,C,6-11,243,"APR 21, 1998",23.0,3,Texas,1628386,Traded from BKN on 01/16/21,1610612739
1610612739,2020,00,Dean Wade,Dean,dean-wade,32,F-C,6-9,228,"NOV 20, 1996",24.0,1,Kansas State,1629731,Signed on 07/01/19,1610612739
1610612739,2020,00,Brodric Thomas,Brodric,brodric-thomas,33,G,6-5,185,"JAN 28, 1997",24.0,R,Truman State,1630271,,1610612739
1610612739,2020,00,Isaac Okoro,Isaac,isaac-okoro,35,F-G,6-5,225,"JAN 26, 2001",20.0,R,Auburn,1630171,#5 Pick in 2020 Draft,1610612739
1610612739,2020,00,Isaiah Hartenstein,Isaiah,isaiah-hartenstein,55,C-F,7-0,250,"MAY 05, 1998",23.0,2,Zalgiris,1628392,,1610612739
1610612740,2020,00,Didi Louzada,Didi,didi-louzada,,G,6-5,188,"JUL 02, 1999",21.0,R,Sydney,1629712,,1610612740
1610612740,2020,00,Zion Williamson,Zion,zion-williamson,1,F,6-7,284,"JUL 06, 2000",20.0,1,Duke,1629627,#1 Pick in 2019 Draft,1610612740
1610612740,2020,00,Lonzo Ball,Lonzo,lonzo-ball,2,G,6-6,190,"OCT 27, 1997",23.0,3,UCLA,1628366,,1610612740
1610612740,2020,00,Josh Hart,Josh,josh-hart,3,G,6-5,215,"MAR 06, 1995",26.0,3,Villanova,1628404,,1610612740
1610612740,2020,00,Wes Iwundu,Wes,wes-iwundu,4,F,6-6,195,"DEC 20, 1994",26.0,3,Kansas State,1628411,,1610612740
1610612740,2020,00,Eric Bledsoe,Eric,eric-bledsoe,5,G,6-1,214,"DEC 09, 1989",31.0,10,Kentucky,202339,,1610612740
1610612740,2020,00,Nickeil Alexander-Walker,Nickeil,nickeil-alexander-walker,6,G,6-6,205,"SEP 02, 1998",22.0,1,Virginia Tech,1629638,,1610612740
1610612740,2020,00,Naji Marshall,Naji,naji-marshall,8,F,6-7,220,"JAN 24, 1998",23.0,R,Xavier,1630230,,1610612740
1610612740,2020,00,Willy Hernangomez,Willy,willy-hernangomez,9,C-F,6-11,250,"MAY 27, 1994",27.0,4,Cajasol Sevilla,1626195,,1610612740
1610612740,2020,00,Jaxson Hayes,Jaxson,jaxson-hayes,10,C-F,6-11,220,"MAY 23, 2000",21.0,1,Texas,1629637,,1610612740
1610612740,2020,00,Steven Adams,Steven,steven-adams,12,C,6-11,265,"JUL 20, 1993",27.0,7,Pittsburgh,203500,,1610612740
1610612740,2020,00,Kira Lewis Jr.,Kira,kira-lewis-jr,13,G,6-1,170,"APR 06, 2001",20.0,R,Alabama,1630184,,1610612740
1610612740,2020,00,Brandon Ingram,Brandon,brandon-ingram,14,F,6-8,190,"SEP 02, 1997",23.0,4,Duke,1627742,,1610612740
1610612740,2020,00,James Johnson,James,james-johnson,16,F,6-7,240,"FEB 20, 1987",34.0,11,Wake Forest,201949,,1610612740
1610612740,2020,00,James Nunnally,James,james-nunnally,21,F,6-7,205,"JUL 14, 1990",30.0,2,Cal-Santa Barbara,203263,,1610612740
1610612740,2020,00,Wenyen Gabriel,Wenyen,wenyen-gabriel,32,F,6-9,205,"MAR 26, 1997",24.0,1,Kentucky,1629117,,1610612740
1610612741,2020,00,Coby White,Coby,coby-white,0,G,6-5,195,"FEB 16, 2000",21.0,1,North Carolina,1629632,#7 Pick in 2019 Draft,1610612741
1610612741,2020,00,Devon Dotson,Devon,devon-dotson,3,G,6-2,185,"AUG 02, 1999",21.0,R,Kansas,1629653,,1610612741
1610612741,2020,00,Al-Farouq Aminu,Al-Farouq,al-farouq-aminu,5,F,6-8,220,"SEP 21, 1990",30.0,10,Wake Forest,202329,,1610612741
1610612741,2020,00,Cristiano Felicio,Cristiano,cristiano-felicio,6,F-C,6-11,270,"JUL 07, 1992",28.0,5,Flamengo,1626245,,1610612741
1610612741,2020,00,Troy Brown Jr.,Troy,troy-brown-jr,7,G-F,6-6,215,"JUL 28, 1999",21.0,2,Oregon,1628972,,1610612741
1610612741,2020,00,Zach LaVine,Zach,zach-lavine,8,G-F,6-5,200,"MAR 10, 1995",26.0,6,UCLA,203897,,1610612741
1610612741,2020,00,Nikola Vučević,Nikola,nikola-vučević,9,C,6-11,260,"OCT 24, 1990",30.0,9,Southern California,202696,Traded from ORL on 03/25/21,1610612741
1610612741,2020,00,Javonte Green,Javonte,javonte-green,11,G-F,6-4,205,"JUL 23, 1993",27.0,1,Radford,1629750,,1610612741
1610612741,2020,00,Garrett Temple,Garrett,garrett-temple,17,G-F,6-5,195,"MAY 08, 1986",35.0,10,Louisiana State,202066,,1610612741
1610612741,2020,00,Adam Mokoka,Adam,adam-mokoka,20,G,6-4,190,"JUL 18, 1998",22.0,1,Mega Basket,1629690,,1610612741
1610612741,2020,00,Thaddeus Young,Thaddeus,thaddeus-young,21,F,6-8,235,"JUN 21, 1988",33.0,13,Georgia Tech,201152,,1610612741
1610612741,2020,00,Lauri Markkanen,Lauri,lauri-markkanen,24,F-C,7-0,240,"MAY 22, 1997",24.0,3,Arizona,1628374,,1610612741
1610612741,2020,00,Daniel Theis,Daniel,daniel-theis,27,F-C,6-8,245,"APR 04, 1992",29.0,3,Brose Bamberg,1628464,,1610612741
1610612741,2020,00,Tomas Satoransky,Tomas,tomas-satoransky,31,G,6-7,210,"OCT 30, 1991",29.0,4,FC Barcelona,203107,,1610612741
1610612741,2020,00,Patrick Williams,Patrick,patrick-williams,44,F,6-7,215,"AUG 26, 2001",19.0,R,Florida State,1630172,#4 Pick in 2020 Draft,1610612741
1610612741,2020,00,Denzel Valentine,Denzel,denzel-valentine,45,G,6-4,220,"NOV 16, 1993",27.0,3,Michigan State,1627756,,1610612741
1610612741,2020,00,Ryan Arcidiacono,Ryan,ryan-arcidiacono,51,G,6-3,195,"MAR 26, 1994",27.0,3,Villanova,1627853,,1610612741
1610612742,2020,00,Josh Richardson,Josh,josh-richardson,0,G,6-5,200,"SEP 15, 1993",27.0,5,Tennessee,1626196,,1610612742
1610612742,2020,00,Tyrell Terry,Tyrell,tyrell-terry,1,G,6-2,160,"SEP 28, 2000",20.0,R,Stanford,1630179,,1610612742
1610612742,2020,00,Tyler Bey,Tyler,tyler-bey,2,F,6-7,215,"FEB 10, 1998",23.0,R,Colorado,1630189,,1610612742
1610612742,2020,00,Trey Burke,Trey,trey-burke,3,G,6-0,185,"NOV 12, 1992",28.0,7,Michigan,203504,,1610612742
1610612742,2020,00,Kristaps Porziņģis,Kristaps,kristaps-porziņģis,6,F-C,7-3,240,"AUG 02, 1995",25.0,4,Cajasol Sevilla,204001,,1610612742
1610612742,2020,00,Dwight Powell,Dwight,dwight-powell,7,F-C,6-10,240,"JUL 20, 1991",29.0,6,Stanford,203939,Traded from BOS on 12/18/14,1610612742
1610612742,2020,00,Josh Green,Josh,josh-green,8,G,6-5,200,"NOV 16, 2000",20.0,R,Arizona,1630182,,1610612742
1610612742,2020,00,Dorian Finney-Smith,Dorian,dorian-finney-smith,10,F,6-7,220,"MAY 04, 1993",28.0,4,Florida,1627827,,1610612742
1610612742,2020,00,Tim Hardaway Jr.,Tim,tim-hardaway-jr,11,G-F,6-5,205,"MAR 16, 1992",29.0,7,Michigan,203501,,1610612742
1610612742,2020,00,Jalen Brunson,Jalen,jalen-brunson,13,G,6-1,190,"AUG 31, 1996",24.0,2,Villanova,1628973,,1610612742
1610612742,2020,00,Nate Hinton,Nate,nate-hinton,14,G-F,6-5,210,"JUN 08, 1999",22.0,R,Houston,1630207,,1610612742
1610612742,2020,00,JJ Redick,JJ,jj-redick,17,G,6-3,200,"JUN 24, 1984",37.0,14,Duke,200755,,1610612742
1610612742,2020,00,Willie Cauley-Stein,Willie,willie-cauley-stein,33,C,7-0,240,"AUG 18, 1993",27.0,5,Kentucky,1626161,,1610612742
1610612742,2020,00,Maxi Kleber,Maxi,maxi-kleber,42,F,6-10,240,"JAN 29, 1992",29.0,3,Bayern Munich,1628467,,1610612742
1610612742,2020,00,Nicolo Melli,Nicolo,nicolo-melli,44,F,6-9,236,"JAN 26, 1991",30.0,1,Fenerbahce,1629740,,1610612742
1610612742,2020,00,Boban Marjanović,Boban,boban-marjanović,51,C,7-4,290,"AUG 15, 1988",32.0,5,Crvena zvezda,1626246,,1610612742
1610612742,2020,00,Luka Dončić,Luka,luka-dončić,77,F-G,6-7,230,"FEB 28, 1999",22.0,2,Real Madrid,1629029,,1610612742
1610612743,2020,00,Markus Howard,Markus,markus-howard,00,G,5-10,175,"MAR 03, 1999",22.0,R,Marquette,1630210,,1610612743
1610612743,2020,00,JaMychal Green,JaMychal,jamychal-green,0,F-C,6-8,227,"JUN 21, 1990",31.0,6,Alabama,203210,,1610612743
1610612743,2020,00,Michael Porter Jr.,Michael,michael-porter-jr,1,F,6-10,218,"JUN 29, 1998",23.0,1,Missouri,1629008,#14 Pick in 2018 Draft,1610612743
1610612743,2020,00,Shaquille Harrison,Shaquille,shaquille-harrison,3,G,6-7,190,"OCT 06, 1993",27.0,3,Tulsa,1627885,,1610612743
1610612743,2020,00,Paul Millsap,Paul,paul-millsap,4,F,6-7,257,"FEB 10, 1985",36.0,14,Louisiana Tech,200794,,1610612743
1610612743,2020,00,Will Barton,Will,will-barton,5,G,6-6,181,"JAN 06, 1991",30.0,8,Memphis,203115,,1610612743
1610612743,2020,00,Facundo Campazzo,Facundo,facundo-campazzo,7,G,5-10,195,"MAR 23, 1991",30.0,R,Murcia,1630267,,1610612743
1610612743,2020,00,Bol Bol,Bol,bol-bol,10,C-F,7-2,220,"NOV 16, 1999",21.0,1,Oregon,1629626,,1610612743
1610612743,2020,00,Monté Morris,Monté,monté-morris,11,G,6-2,183,"JUN 27, 1995",26.0,3,Iowa State,1628420,,1610612743
1610612743,2020,00,Nikola Jokić,Nikola,nikola-jokić,15,C,6-11,284,"FEB 19, 1995",26.0,5,Mega Basket,203999,#41 Pick in 2014 Draft,1610612743
1610612743,2020,00,Zeke Nnaji,Zeke,zeke-nnaji,22,F-C,6-9,240,"JAN 09, 2001",20.0,R,Arizona,1630192,#22 Pick in 2020 Draft,1610612743
1610612743,2020,00,Austin Rivers,Austin,austin-rivers,25,G,6-4,200,"AUG 01, 1992",28.0,8,Duke,203085,,1610612743
1610612743,2020,00,Jamal Murray,Jamal,jamal-murray,27,G,6-3,215,"FEB 23, 1997",24.0,4,Kentucky,1627750,#7 Pick in 2016 Draft,1610612743
1610612743,2020,00,Vlatko Čančar,Vlatko,vlatko-čančar,31,F,6-8,236,"APR 10, 1997",24.0,1,San Pablo Burgos,1628427,#49 Pick in 2017 Draft,1610612743
1610612743,2020,00,JaVale McGee,JaVale,javale-mcgee,34,C-F,7-0,270,"JAN 19, 1988",33.0,12,Nevada,201580,,1610612743
1610612743,2020,00,PJ Dozier,PJ,pj-dozier,35,G-F,6-6,205,"OCT 25, 1996",24.0,3,South Carolina,1628408,,1610612743
1610612743,2020,00,Aaron Gordon,Aaron,aaron-gordon,50,F,6-8,235,"SEP 16, 1995",25.0,6,Arizona,203932,Traded from ORL on 03/25/21,1610612743
1610612744,2020,00,Gary Payton II,Gary,gary-payton-ii,0,G,6-3,195,"DEC 01, 1992",28.0,4,Oregon State,1627780,Traded from POR on 02/09/23,1610612744
1610612744,2020,00,Damion Lee,Damion,damion-lee,1,G-F,6-5,210,"OCT 21, 1992",28.0,3,Drexel,1627814,,1610612744
1610612744,2020,00,Nico Mannion,Nico,nico-mannion,2,G,6-2,190,"MAR 14, 2001",20.0,R,Arizona,1630185,,1610612744
1610612744,2020,00,Jordan Poole,Jordan,jordan-poole,3,G,6-4,194,"JUN 19, 1999",22.0,1,Michigan,1629673,,1610612744
1610612744,2020,00,Kevon Looney,Kevon,kevon-looney,5,F,6-9,222,"FEB 06, 1996",25.0,5,UCLA,1626172,#30 Pick in 2015 Draft,1610612744
1610612744,2020,00,Alen Smailagic,Alen,alen-smailagic,6,F,6-10,215,"AUG 18, 2000",20.0,1,Beko,1629346,,1610612744
1610612744,2020,00,Eric Paschall,Eric,eric-paschall,7,F,6-6,255,"NOV 04, 1996",24.0,1,Villanova,1629672,,1610612744
1610612744,2020,00,Jordan Bell,Jordan,jordan-bell,7,F,6-8,216,"JAN 07, 1995",26.0,3,Oregon,1628395,,1610612744
1610612744,2020,00,Klay Thompson,Klay,klay-thompson,11,G,6-6,215,"FEB 08, 1990",31.0,8,Washington State,202691,,1610612744
1610612744,2020,00,Kelly Oubre Jr.,Kelly,kelly-oubre-jr,12,F-G,6-7,203,"DEC 09, 1995",25.0,5,Kansas,1626162,,1610612744
1610612744,2020,00,Mychal Mulder,Mychal,mychal-mulder,15,G,6-3,184,"JUN 12, 1994",27.0,1,Kentucky,1628539,,1610612744
1610612744,2020,00,Andrew Wiggins,Andrew,andrew-wiggins,22,F,6-7,197,"FEB 23, 1995",26.0,6,Kansas,203952,,1610612744
1610612744,2020,00,Draymond Green,Draymond,draymond-green,23,F,6-6,230,"MAR 04, 1990",31.0,8,Michigan State,203110,#35 Pick in 2012 Draft,1610612744
1610612744,2020,00,Kent Bazemore,Kent,kent-bazemore,26,G-F,6-4,195,"JUL 01, 1989",31.0,8,Old Dominion,203145,,1610612744
1610612744,2020,00,Stephen Curry,Stephen,stephen-curry,30,G,6-3,185,"MAR 14, 1988",33.0,11,Davidson,201939,#7 Pick in 2009 Draft,1610612744
1610612744,2020,00,James Wiseman,James,james-wiseman,33,C,7-0,240,"MAR 31, 2001",20.0,R,Memphis,1630164,,1610612744
1610612744,2020,00,Juan Toscano-Anderson,Juan,juan-toscano-anderson,95,F,6-6,209,"APR 10, 1993",28.0,1,Marquette,1629308,,1610612744
1610612745,2020,00,Sterling Brown,Sterling,sterling-brown,0,G-F,6-5,219,"FEB 10, 1995",26.0,3,Southern Methodist,1628425,,1610612745
1610612745,2020,00,D.J. Wilson,D.J.,dj-wilson,00,F,6-10,231,"FEB 19, 1996",25.0,3,Michigan,1628391,,1610612745
1610612745,2020,00,John Wall,John,john-wall,1,G,6-3,210,"SEP 06, 1990",30.0,9,Kentucky,202322,,1610612745
1610612745,2020,00,David Nwaba,David,david-nwaba,2,G-F,6-5,219,"JAN 14, 1993",28.0,4,Cal Poly-Obispo,1628021,,1610612745
1610612745,2020,00,Kevin Porter Jr.,Kevin,kevin-porter-jr,3,G-F,6-4,203,"MAY 04, 2000",21.0,1,Southern California,1629645,,1610612745
1610612745,2020,00,Danuel House Jr.,Danuel,danuel-house-jr,4,F-G,6-6,220,"JUN 07, 1993",28.0,4,Texas A&M,1627863,,1610612745
1610612745,2020,00,Danté Exum,Danté,danté-exum,5,G,6-5,214,"JUL 13, 1995",25.0,5,Australian Institute of Sport,203957,,1610612745
1610612745,2020,00,KJ Martin,KJ,kj-martin,6,F,6-6,215,"JAN 06, 2001",20.0,R,IMG Academy (FL),1630231,,1610612745
1610612745,2020,00,Armoni Brooks,Armoni,armoni-brooks,7,G,6-3,195,"JUN 05, 1998",23.0,R,Houston,1629717,,1610612745
1610612745,2020,00,Jae'Sean Tate,Jae'Sean,jaesean-tate,8,F,6-4,230,"OCT 28, 1995",25.0,R,Ohio State,1630256,Signed on 11/25/20,1610612745
1610612745,2020,00,Avery Bradley,Avery,avery-bradley,9,G,6-3,180,"NOV 26, 1990",30.0,10,University of Texas at Austin,202340,,1610612745
1610612745,2020,00,Eric Gordon,Eric,eric-gordon,10,G,6-3,215,"DEC 25, 1988",32.0,12,Indiana,201569,,1610612745
1610612745,2020,00,Khyri Thomas,Khyri,khyri-thomas,13,G,6-3,210,"MAY 08, 1996",25.0,2,Creighton,1629017,,1610612745
1610612745,2020,00,D.J. Augustin,D.J.,dj-augustin,14,G,5-11,183,"NOV 10, 1987",33.0,12,Texas,201571,,1610612745
1610612745,2020,00,Anthony Lamb,Anthony,anthony-lamb,33,F,6-6,227,"JAN 20, 1998",23.0,R,Vermont,1630237,,1610612745
1610612745,2020,00,Christian Wood,Christian,christian-wood,35,F,6-10,214,"SEP 27, 1995",25.0,4,UNLV,1626174,,1610612745
1610612745,2020,00,Kelly Olynyk,Kelly,kelly-olynyk,41,F-C,6-11,240,"APR 19, 1991",30.0,7,Gonzaga,203482,,1610612745
1610612746,2020,00,Jay Scrubb,Jay,jay-scrubb,0,G,6-5,220,"SEP 01, 2000",20.0,R,John A. Logan,1630206,,1610612746
1610612746,2020,00,Reggie Jackson,Reggie,reggie-jackson,1,G,6-2,208,"APR 16, 1990",31.0,9,Boston College,202704,,1610612746
1610612746,2020,00,Kawhi Leonard,Kawhi,kawhi-leonard,2,F,6-7,225,"JUN 29, 1991",30.0,9,San Diego State,202695,Signed on 07/09/19,1610612746
1610612746,2020,00,Rajon Rondo,Rajon,rajon-rondo,4,G,6-1,180,"FEB 22, 1986",35.0,14,Kentucky,200765,,1610612746
1610612746,2020,00,Luke Kennard,Luke,luke-kennard,5,G,6-5,206,"JUN 24, 1996",25.0,3,Duke,1628379,,1610612746
1610612746,2020,00,Amir Coffey,Amir,amir-coffey,7,G-F,6-7,210,"JUN 17, 1997",24.0,1,Minnesota,1629599,Signed on 07/09/19,1610612746
1610612746,2020,00,Marcus Morris Sr.,Marcus,marcus-morris-sr,8,F,6-8,218,"SEP 02, 1989",31.0,9,Kansas,202694,,1610612746
1610612746,2020,00,Serge Ibaka,Serge,serge-ibaka,9,F,6-10,235,"SEP 18, 1989",31.0,11,Ricoh Manresa,201586,,1610612746
1610612746,2020,00,Daniel Oturu,Daniel,daniel-oturu,10,C,6-8,240,"SEP 20, 1999",21.0,R,Minnesota,1630187,,1610612746
1610612746,2020,00,Yogi Ferrell,Yogi,yogi-ferrell,11,G,6-0,178,"MAY 09, 1993",28.0,4,Indiana,1627812,,1610612746
1610612746,2020,00,Paul George,Paul,paul-george,13,F,6-8,220,"MAY 02, 1990",31.0,10,Fresno State,202331,,1610612746
1610612746,2020,00,Terance Mann,Terance,terance-mann,14,G-F,6-5,215,"OCT 18, 1996",24.0,1,Florida State,1629611,,1610612746
1610612746,2020,00,DeMarcus Cousins,DeMarcus,demarcus-cousins,15,C,6-10,270,"AUG 13, 1990",30.0,9,Kentucky,202326,,1610612746
1610612746,2020,00,Patrick Beverley,Patrick,patrick-beverley,21,G,6-1,180,"JUL 12, 1988",32.0,8,Arkansas,201976,,1610612746
1610612746,2020,00,Nicolas Batum,Nicolas,nicolas-batum,33,G-F,6-8,230,"DEC 14, 1988",32.0,12,Le Mans,201587,Signed on 07/09/24,1610612746
1610612746,2020,00,Ivica Zubac,Ivica,ivica-zubac,40,C,7-0,240,"MAR 18, 1997",24.0,4,Mega Basket,1627826,Traded from LAL on 02/07/19,1610612746
1610612746,2020,00,Patrick Patterson,Patrick,patrick-patterson,54,F,6-8,235,"MAR 14, 1989",32.0,10,Kentucky,202335,,1610612746
1610612747,2020,00,Kyle Kuzma,Kyle,kyle-kuzma,0,F,6-10,221,"JUL 24, 1995",25.0,3,Utah,1628398,,1610612747
1610612747,2020,00,Kentavious Caldwell-Pope,Kentavious,kentavious-caldwell-pope,1,G,6-5,204,"FEB 18, 1993",28.0,7,Georgia,203484,,1610612747
1610612747,2020,00,Andre Drummond,Andre,andre-drummond,2,C,6-10,279,"AUG 10, 1993",27.0,8,Connecticut,203083,,1610612747
1610612747,2020,00,Anthony Davis,Anthony,anthony-davis,3,F-C,6-10,253,"MAR 11, 1993",28.0,8,Kentucky,203076,,1610612747
1610612747,2020,00,Alex Caruso,Alex,alex-caruso,4,G,6-4,186,"FEB 28, 1994",27.0,3,Texas A&M,1627936,,1610612747
1610612747,2020,00,Talen Horton-Tucker,Talen,talen-horton-tucker,5,G,6-4,234,"NOV 25, 2000",20.0,1,Iowa State,1629659,,1610612747
1610612747,2020,00,LeBron James,LeBron,lebron-james,6,F,6-9,250,"DEC 30, 1984",36.0,17,St. Vincent-St. Mary HS (OH),2544,Signed on 07/09/18,1610612747
1610612747,2020,00,Ben McLemore,Ben,ben-mclemore,7,G,6-3,195,"FEB 11, 1993",28.0,7,Kansas,203463,,1610612747
1610612747,2020,00,Wesley Matthews,Wesley,wesley-matthews,9,G,6-4,220,"OCT 14, 1986",34.0,11,Marquette,202083,,1610612747
1610612747,2020,00,Jared Dudley,Jared,jared-dudley,10,F,6-6,237,"JUL 10, 1985",35.0,13,Boston College,201162,,1610612747
1610612747,2020,00,Devontae Cacok,Devontae,devontae-cacok,12,F,6-7,240,"OCT 08, 1996",24.0,1,UNC-Wilmington,1629719,,1610612747
1610612747,2020,00,Marc Gasol,Marc,marc-gasol,14,C,6-11,255,"JAN 29, 1985",36.0,12,FC Barcelona,201188,,1610612747
1610612747,2020,00,Montrezl Harrell,Montrezl,montrezl-harrell,15,F-C,6-7,240,"JAN 26, 1994",27.0,5,Louisville,1626149,,1610612747
1610612747,2020,00,Dennis Schröder,Dennis,dennis-schröder,17,G,6-3,172,"SEP 15, 1993",27.0,7,Braunschweig,203471,,1610612747
1610612747,2020,00,Alfonzo McKinnie,Alfonzo,alfonzo-mckinnie,28,F,6-7,215,"SEP 17, 1992",28.0,3,Wisc.-Green Bay,1628035,,1610612747
1610612747,2020,00,Kostas Antetokounmpo,Kostas,kostas-antetokounmpo,37,F,6-10,200,"NOV 20, 1997",23.0,2,Dayton,1628961,,1610612747
1610612747,2020,00,Markieff Morris,Markieff,markieff-morris,88,F,6-9,245,"SEP 02, 1989",31.0,9,Kansas,202693,Traded from DAL on 02/02/25,1610612747
1610612748,2020,00,Gabe Vincent,Gabe,gabe-vincent,2,G,6-3,200,"JUN 14, 1996",25.0,1,California-Santa Barbara,1629216,,1610612748
1610612748,2020,00,Victor Oladipo,Victor,victor-oladipo,4,G,6-4,213,"MAY 04, 1992",29.0,7,Indiana,203506,,1610612748
1610612748,2020,00,Precious Achiuwa,Precious,precious-achiuwa,5,F,6-8,225,"SEP 19, 1999",21.0,R,Memphis,1630173,,1610612748
1610612748,2020,00,Goran Dragic,Goran,goran-dragic,7,G,6-3,190,"MAY 06, 1986",35.0,12,Union Olimpija,201609,,1610612748
1610612748,2020,00,Trevor Ariza,Trevor,trevor-ariza,8,F,6-8,215,"JUN 30, 1985",36.0,16,UCLA,2772,,1610612748
1610612748,2020,00,KZ Okpala,KZ,kz-okpala,11,F-G,6-8,215,"APR 28, 1999",22.0,1,Stanford,1629644,,1610612748
1610612748,2020,00,Bam Adebayo,Bam,bam-adebayo,13,C-F,6-9,255,"JUL 18, 1997",23.0,3,Kentucky,1628389,#14 Pick in 2017 Draft,1610612748
1610612748,2020,00,Tyler Herro,Tyler,tyler-herro,14,G,6-5,195,"JAN 20, 2000",21.0,1,Kentucky,1629639,#13 Pick in 2019 Draft,1610612748
1610612748,2020,00,Dewayne Dedmon,Dewayne,dewayne-dedmon,21,C,7-0,245,"AUG 12, 1989",31.0,7,USC,203473,,1610612748
1610612748,2020,00,Jimmy Butler III,Jimmy,jimmy-butler-iii,22,F,6-7,230,"SEP 14, 1989",31.0,9,Marquette,202710,,1610612748
1610612748,2020,00,Kendrick Nunn,Kendrick,kendrick-nunn,25,G,6-2,190,"AUG 03, 1995",25.0,1,Oakland,1629134,,1610612748
1610612748,2020,00,Andre Iguodala,Andre,andre-iguodala,28,G-F,6-6,215,"JAN 28, 1984",37.0,16,Arizona,2738,,1610612748
1610612748,2020,00,Max Strus,Max,max-strus,31,G-F,6-5,215,"MAR 28, 1996",25.0,1,DePaul,1629622,,1610612748
1610612748,2020,00,Udonis Haslem,Udonis,udonis-haslem,40,F,6-8,235,"JUN 09, 1980",41.0,17,Florida,2617,,1610612748
1610612748,2020,00,Duncan Robinson,Duncan,duncan-robinson,55,F,6-7,215,"APR 22, 1994",27.0,2,Michigan,1629130,Signed on 07/10/18,1610612748
1610612748,2020,00,Nemanja Bjelica,Nemanja,nemanja-bjelica,70,F,6-10,234,"MAY 09, 1988",33.0,5,Fenerbahce,202357,,1610612748
1610612748,2020,00,Omer Yurtseven,Omer,omer-yurtseven,77,C,7-0,275,"JUN 19, 1998",23.0,R,Georgetown,1630209,,1610612748
1610612749,2020,00,Donte DiVincenzo,Donte,donte-divincenzo,0,G,6-4,203,"JAN 31, 1997",24.0,2,Villanova,1628978,,1610612749
1610612749,2020,00,Elijah Bryant,Elijah,elijah-bryant,3,G,6-5,210,"APR 19, 1995",26.0,R,Brigham Young,1629091,,1610612749
1610612749,2020,00,Jeff Teague,Jeff,jeff-teague,5,G,6-3,195,"JUN 10, 1988",33.0,11,Wake Forest,201952,,1610612749
1610612749,2020,00,Bryn Forbes,Bryn,bryn-forbes,7,G,6-2,205,"JUL 23, 1993",27.0,4,Michigan State,1627854,,1610612749
1610612749,2020,00,Bobby Portis,Bobby,bobby-portis,9,F,6-10,250,"FEB 10, 1995",26.0,5,Arkansas,1626171,Signed on 11/24/20,1610612749
1610612749,2020,00,Brook Lopez,Brook,brook-lopez,11,C,7-0,282,"APR 01, 1988",33.0,12,Stanford,201572,Signed on 07/17/18,1610612749
1610612749,2020,00,Jordan Nwora,Jordan,jordan-nwora,13,F,6-8,225,"SEP 09, 1998",22.0,R,Louisville,1629670,,1610612749
1610612749,2020,00,Sam Merrill,Sam,sam-merrill,15,G,6-4,205,"MAY 15, 1996",25.0,R,Utah State,1630241,,1610612749
1610612749,2020,00,P.J. Tucker,P.J.,pj-tucker,17,F,6-5,245,"MAY 05, 1985",36.0,9,Texas,200782,,1610612749
1610612749,2020,00,Jrue Holiday,Jrue,jrue-holiday,21,G,6-3,205,"JUN 12, 1990",31.0,11,UCLA,201950,,1610612749
1610612749,2020,00,Khris Middleton,Khris,khris-middleton,22,F,6-7,222,"AUG 12, 1991",29.0,8,Texas A&M,203114,,1610612749
1610612749,2020,00,Pat Connaughton,Pat,pat-connaughton,24,G,6-5,209,"JAN 06, 1993",28.0,5,Notre Dame,1626192,Signed on 08/01/18,1610612749
1610612749,2020,00,Mamadi Diakite,Mamadi,mamadi-diakite,25,F,6-9,228,"JAN 21, 1997",24.0,R,Virginia,1629603,,1610612749
1610612749,2020,00,Giannis Antetokounmpo,Giannis,giannis-antetokounmpo,34,F,6-11,242,"DEC 06, 1994",26.0,7,Filathlitikos,203507,#15 Pick in 2013 Draft,1610612749
1610612749,2020,00,Thanasis Antetokounmpo,Thanasis,thanasis-antetokounmpo,43,F,6-6,219,"JUL 18, 1992",28.0,2,Panathinaikos,203648,,1610612749
1610612749,2020,00,Justin Jackson,Justin,justin-jackson,44,F,6-8,220,"MAR 28, 1995",26.0,3,North Carolina,1628382,,1610612749
1610612749,2020,00,Axel Toupane,Axel,axel-toupane,66,G-F,6-7,210,"JUL 23, 1992",28.0,2,Strasbourg IG,1626253,,1610612749
1610612750,2020,00,D'Angelo Russell,D'Angelo,dangelo-russell,0,G,6-4,193,"FEB 23, 1996",25.0,5,Ohio State,1626156,,1610612750
1610612750,2020,00,Anthony Edwards,Anthony,anthony-edwards,1,G,6-4,225,"AUG 05, 2001",19.0,R,Georgia,1630162,#1 Pick in 2020 Draft,1610612750
1610612750,2020,00,Jaden McDaniels,Jaden,jaden-mcdaniels,3,F,6-9,185,"SEP 29, 2000",20.0,R,Washington,1630183,Draft Rights Traded from OKC on 11/20/20,1610612750
1610612750,2020,00,Jaylen Nowell,Jaylen,jaylen-nowell,4,G,6-4,201,"JUL 09, 1999",21.0,1,Washington,1629669,,1610612750
1610612750,2020,00,Malik Beasley,Malik,malik-beasley,5,G,6-4,187,"NOV 26, 1996",24.0,4,Florida State,1627736,,1610612750
1610612750,2020,00,Jordan McLaughlin,Jordan,jordan-mclaughlin,6,G,5-11,185,"APR 09, 1996",25.0,1,Southern California,1629162,,1610612750
1610612750,2020,00,Jarred Vanderbilt,Jarred,jarred-vanderbilt,8,F,6-9,214,"APR 03, 1999",22.0,2,Kentucky,1629020,,1610612750
1610612750,2020,00,Ricky Rubio,Ricky,ricky-rubio,9,G,6-3,190,"OCT 21, 1990",30.0,9,FC Barcelona,201937,,1610612750
1610612750,2020,00,Jake Layman,Jake,jake-layman,10,F,6-8,209,"MAR 07, 1994",27.0,4,Maryland,1627774,,1610612750
1610612750,2020,00,Naz Reid,Naz,naz-reid,11,C-F,6-9,264,"AUG 26, 1999",21.0,1,Louisiana State,1629675,Signed on 07/04/19,1610612750
1610612750,2020,00,Ed Davis,Ed,ed-davis,17,C-F,6-9,218,"JUN 05, 1989",32.0,10,North Carolina,202334,,1610612750
1610612750,2020,00,Josh Okogie,Josh,josh-okogie,20,G,6-4,213,"SEP 01, 1998",22.0,2,Georgia Tech,1629006,,1610612750
1610612750,2020,00,Jarrett Culver,Jarrett,jarrett-culver,23,G-F,6-6,195,"FEB 20, 1999",22.0,1,Texas Tech,1629633,,1610612750
1610612750,2020,00,Karl-Anthony Towns,Karl-Anthony,karl-anthony-towns,32,C-F,6-11,248,"NOV 15, 1995",25.0,5,Kentucky,1626157,,1610612750
1610612750,2020,00,Juancho Hernangomez,Juancho,juancho-hernangomez,41,F,6-9,214,"SEP 28, 1995",25.0,4,Estudiantes,1627823,,1610612750
1610612751,2020,00,Reggie Perry,Reggie,reggie-perry,0,F-C,6-8,250,"MAR 21, 2000",21.0,R,Mississippi State,1629617,,1610612751
1610612751,2020,00,Bruce Brown,Bruce,bruce-brown,1,G-F,6-4,202,"AUG 15, 1996",24.0,2,Miami,1628971,,1610612751
1610612751,2020,00,Blake Griffin,Blake,blake-griffin,2,F,6-9,250,"MAR 16, 1989",32.0,10,Oklahoma,201933,,1610612751
1610612751,2020,00,Chris Chiozza,Chris,chris-chiozza,4,G,5-11,175,"NOV 21, 1995",25.0,2,Florida,1629185,,1610612751
1610612751,2020,00,DeAndre Jordan,DeAndre,deandre-jordan,6,C,6-11,265,"JUL 21, 1988",32.0,12,Texas A&M,201599,,1610612751
1610612751,2020,00,Kevin Durant,Kevin,kevin-durant,7,F,6-10,240,"SEP 29, 1988",32.0,12,Texas,201142,,1610612751
1610612751,2020,00,Jeff Green,Jeff,jeff-green,8,F,6-8,235,"AUG 28, 1986",34.0,12,Georgetown,201145,,1610612751
1610612751,2020,00,Timothe Luwawu-Cabarrot,Timothe,timothe-luwawu-cabarrot,9,G-F,6-7,220,"MAY 09, 1995",26.0,4,Mega Basket,1627789,,1610612751
1610612751,2020,00,Tyler Johnson,Tyler,tyler-johnson,10,G,6-3,186,"MAY 07, 1992",29.0,6,Fresno State,204020,,1610612751
1610612751,2020,00,Kyrie Irving,Kyrie,kyrie-irving,11,G,6-2,195,"MAR 23, 1992",29.0,9,Duke,202681,,1610612751
1610612751,2020,00,Joe Harris,Joe,joe-harris,12,G-F,6-6,220,"SEP 06, 1991",29.0,6,Virginia,203925,,1610612751
1610612751,2020,00,James Harden,James,james-harden,13,G,6-5,220,"AUG 26, 1989",31.0,11,Arizona State,201935,,1610612751
1610612751,2020,00,Landry Shamet,Landry,landry-shamet,20,G,6-4,190,"MAR 13, 1997",24.0,2,Wichita State,1629013,,1610612751
1610612751,2020,00,Alize Johnson,Alize,alize-johnson,24,F,6-7,212,"APR 22, 1996",25.0,2,Missouri State,1628993,,1610612751
1610612751,2020,00,Spencer Dinwiddie,Spencer,spencer-dinwiddie,26,G,6-5,215,"APR 06, 1993",28.0,6,Colorado,203915,,1610612751
1610612751,2020,00,Nic Claxton,Nic,nic-claxton,33,F-C,6-11,215,"APR 17, 1999",22.0,1,Georgia,1629651,#31 Pick in 2019 Draft,1610612751
1610612751,2020,00,Mike James,Mike,mike-james,55,G,6-1,175,"AUG 18, 1990",30.0,1,Lamar,1628455,,1610612751
1610612752,2020,00,Luca Vildoza,Luca,luca-vildoza,,G,6-3,190,"AUG 11, 1995",25.0,R,Baskonia,1630492,,1610612752
1610612752,2020,00,Jared Harper,Jared,jared-harper,0,G,5-10,175,"SEP 14, 1997",23.0,1,Auburn,1629607,,1610612752
1610612752,2020,00,Obi Toppin,Obi,obi-toppin,1,F,6-9,220,"MAR 04, 1998",23.0,R,Dayton,1630167,,1610612752
1610612752,2020,00,Nerlens Noel,Nerlens,nerlens-noel,3,C-F,6-11,220,"APR 10, 1994",27.0,6,Kentucky,203457,,1610612752
1610612752,2020,00,Derrick Rose,Derrick,derrick-rose,4,G,6-2,200,"OCT 04, 1988",32.0,11,Memphis,201565,,1610612752
1610612752,2020,00,Immanuel Quickley,Immanuel,immanuel-quickley,5,G,6-3,190,"JUN 17, 1999",22.0,R,Kentucky,1630193,,1610612752
1610612752,2020,00,Elfrid Payton,Elfrid,elfrid-payton,6,G,6-3,195,"FEB 22, 1994",27.0,6,Louisana-Lafayette,203901,,1610612752
1610612752,2020,00,RJ Barrett,RJ,rj-barrett,9,F-G,6-6,214,"JUN 14, 2000",21.0,1,Duke,1629628,,1610612752
1610612752,2020,00,Frank Ntilikina,Frank,frank-ntilikina,11,G,6-4,200,"JUL 28, 1998",22.0,3,Strasbourg IG,1628373,,1610612752
1610612752,2020,00,Norvel Pelle,Norvel,norvel-pelle,14,C,6-10,231,"FEB 03, 1993",28.0,1,Iona,203658,,1610612752
1610612752,2020,00,Alec Burks,Alec,alec-burks,18,G,6-6,214,"JUL 20, 1991",29.0,9,Colorado,202692,,1610612752
1610612752,2020,00,Kevin Knox II,Kevin,kevin-knox-ii,20,F,6-7,215,"AUG 11, 1999",21.0,2,Kentucky,1628995,,1610612752
1610612752,2020,00,Theo Pinson,Theo,theo-pinson,21,G-F,6-5,212,"NOV 05, 1995",25.0,2,North Carolina,1629033,,1610612752
1610612752,2020,00,Mitchell Robinson,Mitchell,mitchell-robinson,23,C-F,7-0,240,"APR 01, 1998",23.0,2,Western Kentucky,1629011,#36 Pick in 2018 Draft,1610612752
1610612752,2020,00,Reggie Bullock Jr.,Reggie,reggie-bullock-jr,25,G-F,6-6,205,"MAR 16, 1991",30.0,7,North Carolina,203493,,1610612752
1610612752,2020,00,Julius Randle,Julius,julius-randle,30,F-C,6-8,250,"NOV 29, 1994",26.0,6,Kentucky,203944,,1610612752
1610612752,2020,00,Taj Gibson,Taj,taj-gibson,67,F,6-9,232,"JUN 24, 1985",36.0,11,Southern California,201959,,1610612752
1610612753,2020,00,Jonathan Isaac,Jonathan,jonathan-isaac,1,F,6-11,230,"OCT 03, 1997",23.0,3,Florida State,1628371,#6 Pick in 2017 Draft,1610612753
1610612753,2020,00,Chuma Okeke,Chuma,chuma-okeke,3,F,6-6,229,"AUG 18, 1998",22.0,R,Auburn,1629643,,1610612753
1610612753,2020,00,Mo Bamba,Mo,mo-bamba,5,C,7-0,231,"MAY 12, 1998",23.0,2,Texas,1628964,,1610612753
1610612753,2020,00,Michael Carter-Williams,Michael,michael-carter-williams,7,G,6-5,190,"OCT 10, 1991",29.0,7,Syracuse,203487,,1610612753
1610612753,2020,00,Dwayne Bacon,Dwayne,dwayne-bacon,8,G-F,6-6,221,"AUG 30, 1995",25.0,3,Florida State,1628407,,1610612753
1610612753,2020,00,James Ennis III,James,james-ennis-iii,11,F,6-6,215,"JUL 01, 1990",30.0,6,Cal State-Long Beach,203516,,1610612753
1610612753,2020,00,R.J. Hampton,R.J.,rj-hampton,13,G,6-4,175,"FEB 07, 2001",20.0,R,Capital City Go-Go,1630181,,1610612753
1610612753,2020,00,Gary Harris,Gary,gary-harris,14,G,6-4,210,"SEP 14, 1994",26.0,6,Michigan State,203914,Traded from DEN on 03/25/21,1610612753
1610612753,2020,00,Sindarius Thornwell,Sindarius,sindarius-thornwell,15,G,6-4,215,"NOV 15, 1994",26.0,3,South Carolina,1628414,,1610612753
1610612753,2020,00,Ignas Brazdeikis,Ignas,ignas-brazdeikis,17,F,6-6,221,"JAN 08, 1999",22.0,1,Michigan,1629649,,1610612753
1610612753,2020,00,Markelle Fultz,Markelle,markelle-fultz,20,G,6-3,209,"MAY 29, 1998",23.0,3,Washington,1628365,,1610612753
1610612753,2020,00,Moritz Wagner,Moritz,moritz-wagner,21,F-C,6-11,245,"APR 26, 1997",24.0,2,Michigan,1629021,Signed on 04/27/21,1610612753
1610612753,2020,00,Otto Porter Jr.,Otto,otto-porter-jr,22,F,6-8,198,"JUN 03, 1993",28.0,7,Georgetown,203490,,1610612753
1610612753,2020,00,Chasson Randle,Chasson,chasson-randle,25,G,6-2,185,"FEB 05, 1993",28.0,3,Stanford,1626184,,1610612753
1610612753,2020,00,Terrence Ross,Terrence,terrence-ross,31,G-F,6-6,206,"FEB 05, 1991",30.0,8,Washington,203082,,1610612753
1610612753,2020,00,Wendell Carter Jr.,Wendell,wendell-carter-jr,34,C-F,6-10,270,"APR 16, 1999",22.0,2,Duke,1628976,Traded from CHI on 03/25/21,1610612753
1610612753,2020,00,Cole Anthony,Cole,cole-anthony,50,G,6-2,185,"MAY 15, 2000",21.0,R,North Carolina,1630175,,1610612753
1610612754,2020,00,T.J. Warren,T.J.,tj-warren,1,F,6-8,220,"SEP 05, 1993",27.0,6,North Carolina State,203933,,1610612754
1610612754,2020,00,Cassius Stanley,Cassius,cassius-stanley,2,G,6-5,190,"AUG 18, 1999",21.0,R,Duke,1630199,,1610612754
1610612754,2020,00,Aaron Holiday,Aaron,aaron-holiday,3,G,6-0,185,"SEP 30, 1996",24.0,2,UCLA,1628988,,1610612754
1610612754,2020,00,Edmond Sumner,Edmond,edmond-sumner,5,G,6-4,196,"DEC 31, 1995",25.0,3,Xavier,1628410,,1610612754
1610612754,2020,00,Malcolm Brogdon,Malcolm,malcolm-brogdon,7,G,6-5,229,"DEC 11, 1992",28.0,4,Virginia,1627763,,1610612754
1610612754,2020,00,Justin Holiday,Justin,justin-holiday,8,F-G,6-6,180,"APR 05, 1989",32.0,7,Washington,203200,,1610612754
1610612754,2020,00,T.J. McConnell,T.J.,tj-mcconnell,9,G,6-1,190,"MAR 25, 1992",29.0,5,Arizona,204456,Signed on 07/29/19,1610612754
1610612754,2020,00,Domantas Sabonis,Domantas,domantas-sabonis,11,F-C,6-11,240,"MAY 03, 1996",25.0,4,Gonzaga,1627734,,1610612754
1610612754,2020,00,Oshae Brissett,Oshae,oshae-brissett,12,F-G,6-7,210,"JUN 20, 1998",23.0,1,Syracuse,1629052,,1610612754
1610612754,2020,00,JaKarr Sampson,JaKarr,jakarr-sampson,14,F,6-7,214,"MAR 20, 1993",28.0,5,St. John's (NY),203960,,1610612754
1610612754,2020,00,Doug McDermott,Doug,doug-mcdermott,20,F,6-7,225,"JAN 03, 1992",29.0,6,Creighton,203926,,1610612754
1610612754,2020,00,Kelan Martin,Kelan,kelan-martin,21,F,6-5,230,"AUG 03, 1995",25.0,1,Butler,1629103,,1610612754
1610612754,2020,00,Caris LeVert,Caris,caris-levert,22,G,6-6,205,"AUG 25, 1994",26.0,4,Michigan,1627747,,1610612754
1610612754,2020,00,Jeremy Lamb,Jeremy,jeremy-lamb,26,G-F,6-5,180,"MAY 30, 1992",29.0,8,Connecticut,203087,,1610612754
1610612754,2020,00,Myles Turner,Myles,myles-turner,33,C-F,6-11,250,"MAR 24, 1996",25.0,5,Texas,1626167,#11 Pick in 2015 Draft,1610612754
1610612754,2020,00,Amida Brimah,Amida,amida-brimah,37,C,6-10,230,"FEB 11, 1994",27.0,R,Connecticut,1628578,,1610612754
1610612754,2020,00,Goga Bitadze,Goga,goga-bitadze,88,C-F,6-11,250,"JUL 20, 1999",21.0,1,Mega Basket,1629048,,1610612754
1610612755,2020,00,Tyrese Maxey,Tyrese,tyrese-maxey,0,G,6-2,200,"NOV 04, 2000",20.0,R,Kentucky,1630178,#21 Pick in 2020 Draft,1610612755
1610612755,2020,00,Mike Scott,Mike,mike-scott,1,F,6-7,237,"JUL 16, 1988",32.0,8,Virginia,203118,,1610612755
1610612755,2020,00,Isaiah Joe,Isaiah,isaiah-joe,7,G,6-4,165,"JUL 02, 1999",21.0,R,Arkansas,1630198,,1610612755
1610612755,2020,00,Rayjon Tucker,Rayjon,rayjon-tucker,9,G,6-3,209,"SEP 24, 1997",23.0,1,Arkansas-Little Rock,1629730,,1610612755
1610612755,2020,00,Gary Clark,Gary,gary-clark,12,F,6-6,225,"NOV 16, 1994",26.0,2,Cincinnati,1629109,,1610612755
1610612755,2020,00,Tobias Harris,Tobias,tobias-harris,12,F,6-8,226,"JUL 15, 1992",28.0,9,Tennessee,202699,,1610612755
1610612755,2020,00,Danny Green,Danny,danny-green,14,G,6-6,215,"JUN 22, 1987",34.0,11,North Carolina,201980,,1610612755
1610612755,2020,00,Shake Milton,Shake,shake-milton,18,G-F,6-5,205,"SEP 26, 1996",24.0,2,Southern Methodist,1629003,,1610612755
1610612755,2020,00,Joel Embiid,Joel,joel-embiid,21,C-F,7-0,280,"MAR 16, 1994",27.0,4,Kansas,203954,#3 Pick in 2014 Draft,1610612755
1610612755,2020,00,Matisse Thybulle,Matisse,matisse-thybulle,22,G-F,6-5,201,"MAR 04, 1997",24.0,1,Washington,1629680,,1610612755
1610612755,2020,00,Ben Simmons,Ben,ben-simmons,25,G-F,6-11,240,"JUL 20, 1996",24.0,3,Louisiana State,1627732,,1610612755
1610612755,2020,00,Furkan Korkmaz,Furkan,furkan-korkmaz,30,G-F,6-7,202,"JUL 24, 1997",23.0,3,Anadolu Efes,1627788,,1610612755
1610612755,2020,00,Seth Curry,Seth,seth-curry,31,G,6-2,185,"AUG 23, 1990",30.0,6,Duke,203552,,1610612755
1610612755,2020,00,George Hill,George,george-hill,33,G,6-4,188,"MAY 04, 1986",35.0,12,Indiana-Purdue Indianapolis,201588,,1610612755
1610612755,2020,00,Dwight Howard,Dwight,dwight-howard,39,C-F,6-10,265,"DEC 08, 1985",35.0,16,SW Atlanta Christian Academy (GA),2730,,1610612755
1610612755,2020,00,Anthony Tolliver,Anthony,anthony-tolliver,43,F,6-8,240,"JUN 01, 1985",36.0,12,Creighton,201229,,1610612755
1610612755,2020,00,Paul Reed,Paul,paul-reed,44,F,6-9,210,"JUN 14, 1999",22.0,R,DePaul,1630194,,1610612755
1610612756,2020,00,Ty-Shon Alexander,Ty-Shon,ty-shon-alexander,0,G,6-3,195,"JUL 16, 1998",22.0,R,Creighton,1630234,,1610612756
1610612756,2020,00,Devin Booker,Devin,devin-booker,1,G,6-5,206,"OCT 30, 1996",24.0,5,Kentucky,1626164,#13 Pick in 2015 Draft,1610612756
1610612756,2020,00,Langston Galloway,Langston,langston-galloway,2,G,6-1,200,"DEC 09, 1991",29.0,6,St. Joseph's (PA),204038,,1610612756
1610612756,2020,00,Chris Paul,Chris,chris-paul,3,G,6-0,175,"MAY 06, 1985",36.0,15,Wake Forest,101108,,1610612756
1610612756,2020,00,Jevon Carter,Jevon,jevon-carter,4,G,6-1,200,"SEP 14, 1995",25.0,2,West Virginia,1628975,,1610612756
1610612756,2020,00,Frank Kaminsky,Frank,frank-kaminsky,8,F-C,7-0,240,"APR 04, 1993",28.0,5,Wisconsin,1626163,,1610612756
1610612756,2020,00,Jalen Smith,Jalen,jalen-smith,10,F-C,6-10,215,"MAR 16, 2000",21.0,R,Maryland,1630188,,1610612756
1610612756,2020,00,Abdel Nader,Abdel,abdel-nader,11,F,6-5,225,"SEP 25, 1993",27.0,3,Iowa State,1627846,,1610612756
1610612756,2020,00,Torrey Craig,Torrey,torrey-craig,12,F,6-7,221,"DEC 19, 1990",30.0,3,South Carolina Upstate,1628470,,1610612756
1610612756,2020,00,Cameron Payne,Cameron,cameron-payne,15,G,6-1,183,"AUG 08, 1994",26.0,5,Murray State,1626166,,1610612756
1610612756,2020,00,Dario Šarić,Dario,dario-šarić,20,F-C,6-10,225,"APR 08, 1994",27.0,4,Anadolu Efes,203967,,1610612756
1610612756,2020,00,Deandre Ayton,Deandre,deandre-ayton,22,C,6-11,250,"JUL 23, 1998",22.0,2,Arizona,1629028,,1610612756
1610612756,2020,00,Cameron Johnson,Cameron,cameron-johnson,23,F,6-8,210,"MAR 03, 1996",25.0,1,North Carolina,1629661,,1610612756
1610612756,2020,00,Mikal Bridges,Mikal,mikal-bridges,25,F,6-6,209,"AUG 30, 1996",24.0,2,Villanova,1628969,,1610612756
1610612756,2020,00,E'Twaun Moore,E'Twaun,etwaun-moore,55,G,6-3,191,"FEB 25, 1989",32.0,9,Purdue,202734,,1610612756
1610612756,2020,00,Jae Crowder,Jae,jae-crowder,99,F,6-6,235,"JUL 06, 1990",30.0,8,Marquette,203109,,1610612756
1610612757,2020,00,Damian Lillard,Damian,damian-lillard,0,G,6-2,195,"JUL 15, 1990",30.0,8,Weber State,203081,,1610612757
1610612757,2020,00,Carmelo Anthony,Carmelo,carmelo-anthony,00,F,6-7,238,"MAY 29, 1984",37.0,17,Syracuse,2546,,1610612757
1610612757,2020,00,Anfernee Simons,Anfernee,anfernee-simons,1,G,6-3,181,"JUN 08, 1999",22.0,2,Edgewater HS (FL),1629014,#24 Pick in 2018 Draft,1610612757
1610612757,2020,00,Rondae Hollis-Jefferson,Rondae,rondae-hollis-jefferson,2,F,6-6,217,"JAN 03, 1995",26.0,5,Arizona,1626178,,1610612757
1610612757,2020,00,CJ McCollum,CJ,cj-mccollum,3,G,6-3,190,"SEP 19, 1991",29.0,7,Lehigh,203468,,1610612757
1610612757,2020,00,Harry Giles III,Harry,harry-giles-iii,4,F-C,6-11,240,"APR 22, 1998",23.0,2,Duke,1628385,,1610612757
1610612757,2020,00,Derrick Jones Jr.,Derrick,derrick-jones-jr,5,F,6-5,210,"FEB 15, 1997",24.0,4,UNLV,1627884,,1610612757
1610612757,2020,00,Nassir Little,Nassir,nassir-little,9,F-G,6-5,220,"FEB 11, 2000",21.0,1,North Carolina,1629642,,1610612757
1610612757,2020,00,Enes Freedom,Enes,enes-freedom,11,C,6-10,250,"MAY 20, 1992",29.0,9,Fenerbahce,202683,,1610612757
1610612757,2020,00,CJ Elleby,CJ,cj-elleby,16,F-G,6-6,200,"JUN 16, 2000",21.0,R,Washington State,1629604,,1610612757
1610612757,2020,00,T.J. Leaf,T.J.,tj-leaf,18,F,6-10,222,"APR 30, 1997",24.0,3,UCLA,1628388,,1610612757
1610612757,2020,00,Keljin Blevins,Keljin,keljin-blevins,21,G,6-4,200,"NOV 24, 1995",25.0,R,Montana State,1629833,,1610612757
1610612757,2020,00,Robert Covington,Robert,robert-covington,23,F,6-7,209,"DEC 14, 1990",30.0,7,Tennessee State,203496,,1610612757
1610612757,2020,00,Norman Powell,Norman,norman-powell,24,G,6-3,215,"MAY 25, 1993",28.0,5,UCLA,1626181,,1610612757
1610612757,2020,00,Jusuf Nurkić,Jusuf,jusuf-nurkić,27,C,6-11,290,"AUG 23, 1994",26.0,6,Cedevita,203994,,1610612757
1610612757,2020,00,Zach Collins,Zach,zach-collins,33,F-C,6-11,250,"NOV 19, 1997",23.0,3,Gonzaga,1628380,,1610612757
1610612758,2020,00,Tyrese Haliburton,Tyrese,tyrese-haliburton,0,G,6-5,185,"FEB 29, 2000",21.0,R,Iowa State,1630169,,1610612758
1610612758,2020,00,Jahmi'us Ramsey,Jahmi'us,jahmius-ramsey,3,G,6-3,190,"JUN 09, 2001",20.0,R,Texas Tech,1630186,,1610612758
1610612758,2020,00,De'Aaron Fox,De'Aaron,deaaron-fox,5,G,6-3,185,"DEC 20, 1997",23.0,3,Kentucky,1628368,,1610612758
1610612758,2020,00,Kyle Guy,Kyle,kyle-guy,7,G,6-1,167,"AUG 11, 1997",23.0,1,Virginia,1629657,,1610612758
1610612758,2020,00,Maurice Harkless,Maurice,maurice-harkless,8,F-G,6-7,220,"MAY 11, 1993",28.0,8,"St. John's, N.Y.",203090,,1610612758
1610612758,2020,00,Terence Davis,Terence,terence-davis,9,G,6-4,201,"MAY 16, 1997",24.0,1,Mississippi,1629056,Signed on 04/09/25,1610612758
1610612758,2020,00,Justin James,Justin,justin-james,10,G-F,6-7,190,"JAN 24, 1997",24.0,1,Wyoming,1629713,,1610612758
1610612758,2020,00,Robert Woodard II,Robert,robert-woodard-ii,13,F,6-6,235,"SEP 22, 1999",21.0,R,Mississippi State,1630218,,1610612758
1610612758,2020,00,Damian Jones,Damian,damian-jones,15,C,6-11,245,"JUN 30, 1995",26.0,4,Vanderbilt,1627745,,1610612758
1610612758,2020,00,Hassan Whiteside,Hassan,hassan-whiteside,20,C,7-0,265,"JUN 13, 1989",32.0,8,Marshall,202355,,1610612758
1610612758,2020,00,Richaun Holmes,Richaun,richaun-holmes,22,F,6-10,235,"OCT 15, 1993",27.0,5,Bowling Green,1626158,,1610612758
1610612758,2020,00,Louis King,Louis,louis-king,23,F,6-7,205,"APR 06, 1999",22.0,1,Oregon,1629663,,1610612758
1610612758,2020,00,Buddy Hield,Buddy,buddy-hield,24,G,6-4,220,"DEC 17, 1992",28.0,4,Oklahoma,1627741,,1610612758
1610612758,2020,00,Chimezie Metu,Chimezie,chimezie-metu,25,F-C,6-9,225,"MAR 22, 1997",24.0,2,USC,1629002,,1610612758
1610612758,2020,00,Marvin Bagley III,Marvin,marvin-bagley-iii,35,F,6-11,235,"MAR 14, 1999",22.0,2,Duke,1628963,,1610612758
1610612758,2020,00,Harrison Barnes,Harrison,harrison-barnes,40,F,6-8,225,"MAY 30, 1992",29.0,8,North Carolina,203084,,1610612758
1610612758,2020,00,Delon Wright,Delon,delon-wright,55,G,6-5,185,"APR 26, 1992",29.0,5,Utah,1626153,,1610612758
1610612759,2020,00,Lonnie Walker IV,Lonnie,lonnie-walker-iv,1,G-F,6-4,204,"DEC 14, 1998",22.0,2,Miami,1629022,,1610612759
1610612759,2020,00,Keldon Johnson,Keldon,keldon-johnson,3,F-G,6-5,220,"OCT 11, 1999",21.0,1,Kentucky,1629640,#29 Pick in 2019 Draft,1610612759
1610612759,2020,00,Derrick White,Derrick,derrick-white,4,G,6-4,190,"JUL 02, 1994",26.0,3,Colorado,1628401,,1610612759
1610612759,2020,00,Dejounte Murray,Dejounte,dejounte-murray,5,G,6-4,180,"SEP 19, 1996",24.0,3,Washington,1627749,,1610612759
1610612759,2020,00,Gorgui Dieng,Gorgui,gorgui-dieng,7,C,6-10,252,"JAN 18, 1990",31.0,7,Louisville,203476,,1610612759
1610612759,2020,00,Patty Mills,Patty,patty-mills,8,G,6-1,180,"AUG 11, 1988",32.0,11,St. Mary's,201988,,1610612759
1610612759,2020,00,DeMar DeRozan,DeMar,demar-derozan,10,G-F,6-6,220,"AUG 07, 1989",31.0,11,Southern California,201942,,1610612759
1610612759,2020,00,Drew Eubanks,Drew,drew-eubanks,14,F-C,6-9,245,"FEB 01, 1997",24.0,2,Oregon State,1629234,,1610612759
1610612759,2020,00,Quinndary Weatherspoon,Quinndary,quinndary-weatherspoon,15,G,6-3,205,"SEP 10, 1996",24.0,1,Mississippi State,1629683,,1610612759
1610612759,2020,00,Luka Samanic,Luka,luka-samanic,19,F,6-10,227,"JAN 09, 2000",21.0,1,Union Olimpija,1629677,,1610612759
1610612759,2020,00,Rudy Gay,Rudy,rudy-gay,22,F-G,6-8,250,"AUG 17, 1986",34.0,14,Connecticut,200752,,1610612759
1610612759,2020,00,Devin Vassell,Devin,devin-vassell,24,G-F,6-5,200,"AUG 23, 2000",20.0,R,Florida State,1630170,#11 Pick in 2020 Draft,1610612759
1610612759,2020,00,Jakob Poeltl,Jakob,jakob-poeltl,25,C,7-1,245,"OCT 15, 1995",25.0,4,Utah,1627751,,1610612759
1610612759,2020,00,Keita Bates-Diop,Keita,keita-bates-diop,31,F,6-8,229,"JAN 23, 1996",25.0,2,Ohio State,1628966,,1610612759
1610612759,2020,00,Tre Jones,Tre,tre-jones,33,G,6-1,185,"JAN 08, 2000",21.0,R,Duke,1630200,,1610612759
1610612759,2020,00,Trey Lyles,Trey,trey-lyles,41,F,6-9,234,"NOV 05, 1995",25.0,5,Kentucky,1626168,,1610612759
1610612759,2020,00,DaQuan Jeffries,DaQuan,daquan-jeffries,55,G-F,6-5,230,"AUG 30, 1997",23.0,1,Tulsa,1629610,,1610612759
1610612760,2020,00,Shai Gilgeous-Alexander,Shai,shai-gilgeous-alexander,2,G-F,6-6,180,"JUL 12, 1998",22.0,2,Kentucky,1628983,Traded from LAC on 07/10/19,1610612760
1610612760,2020,00,Luguentz Dort,Luguentz,luguentz-dort,5,G,6-3,215,"APR 19, 1999",22.0,1,Arizona State,1629652,Signed on 07/06/19,1610612760
1610612760,2020,00,Gabriel Deck,Gabriel,gabriel-deck,6,F,6-6,231,"FEB 08, 1995",26.0,R,Real Madrid,1630466,,1610612760
1610612760,2020,00,Darius Bazley,Darius,darius-bazley,7,F-G,6-8,208,"JUN 12, 2000",21.0,1,Princeton HS (OH),1629647,,1610612760
1610612760,2020,00,Kemba Walker,Kemba,kemba-walker,8,G,6-0,184,"MAY 08, 1990",31.0,9,Connecticut,202689,,1610612760
1610612760,2020,00,Jaylen Hoard,Jaylen,jaylen-hoard,8,F,6-8,216,"MAR 30, 1999",22.0,1,Wake Forest,1629658,,1610612760
1610612760,2020,00,Theo Maledon,Theo,theo-maledon,11,G,6-4,175,"JUN 12, 2001",20.0,R,ASVEL,1630177,,1610612760
1610612760,2020,00,Tony Bradley,Tony,tony-bradley,13,C-F,6-10,248,"JAN 08, 1998",23.0,3,North Carolina,1628396,,1610612760
1610612760,2020,00,Svi Mykhailiuk,Svi,svi-mykhailiuk,14,G-F,6-7,205,"JUN 10, 1997",24.0,2,Kansas,1629004,,1610612760
1610612760,2020,00,Josh Hall,Josh,josh-hall,15,F,6-9,190,"OCT 08, 2000",20.0,R,Moravian Prep (NC),1630221,,1610612760
1610612760,2020,00,Ty Jerome,Ty,ty-jerome,16,G-F,6-5,195,"JUL 08, 1997",23.0,1,Virginia,1629660,,1610612760
1610612760,2020,00,Aleksej Pokusevski,Aleksej,aleksej-pokusevski,17,C,7-0,190,"DEC 26, 2001",19.0,R,Olympiacos,1630197,,1610612760
1610612760,2020,00,Isaiah Roby,Isaiah,isaiah-roby,22,F,6-8,230,"FEB 03, 1998",23.0,1,Nebraska,1629676,,1610612760
1610612760,2020,00,Mike Muscala,Mike,mike-muscala,33,F-C,6-10,240,"JUL 01, 1991",29.0,7,Bucknell,203488,,1610612760
1610612760,2020,00,Kenrich Williams,Kenrich,kenrich-williams,34,G-F,6-6,210,"DEC 02, 1994",26.0,2,TCU,1629026,Traded from NOP on 11/23/20,1610612760
1610612760,2020,00,Charlie Brown Jr.,Charlie,charlie-brown-jr,44,G,6-6,199,"FEB 02, 1997",24.0,1,St. Joseph's (PA),1629718,,1610612760
1610612761,2020,00,Freddie Gillespie,Freddie,freddie-gillespie,,F,6-9,245,"JUN 14, 1997",24.0,R,Baylor,1630273,,1610612761
1610612761,2020,00,Paul Watson,Paul,paul-watson,1,G,6-6,210,"DEC 30, 1994",26.0,1,Fresno State,1628778,,1610612761
1610612761,2020,00,OG Anunoby,OG,og-anunoby,3,F,6-7,232,"JUL 17, 1997",23.0,3,Indiana,1628384,,1610612761
1610612761,2020,00,Stanley Johnson,Stanley,stanley-johnson,5,F-G,6-6,242,"MAY 29, 1996",25.0,5,Arizona,1626169,,1610612761
1610612761,2020,00,Kyle Lowry,Kyle,kyle-lowry,7,G,6-0,196,"MAR 25, 1986",35.0,14,Villanova,200768,,1610612761
1610612761,2020,00,Malachi Flynn,Malachi,malachi-flynn,8,G,6-1,175,"MAY 09, 1998",23.0,R,San Diego State,1630201,,1610612761
1610612761,2020,00,Yuta Watanabe,Yuta,yuta-watanabe,18,G-F,6-9,215,"OCT 13, 1994",26.0,2,George Washington,1629139,,1610612761
1610612761,2020,00,Fred VanVleet,Fred,fred-vanvleet,23,G,6-1,197,"FEB 25, 1994",27.0,4,Wichita State,1627832,,1610612761
1610612761,2020,00,Khem Birch,Khem,khem-birch,24,C,6-9,233,"SEP 28, 1992",28.0,3,UNLV,203920,,1610612761
1610612761,2020,00,Chris Boucher,Chris,chris-boucher,25,F-C,6-9,200,"JAN 11, 1993",28.0,3,Oregon,1628449,Signed on 07/20/18,1610612761
1610612761,2020,00,Rodney Hood,Rodney,rodney-hood,32,G-F,6-8,208,"OCT 20, 1992",28.0,6,Duke,203918,,1610612761
1610612761,2020,00,Gary Trent Jr.,Gary,gary-trent-jr,33,G-F,6-5,209,"JAN 18, 1999",22.0,2,Duke,1629018,,1610612761
1610612761,2020,00,Pascal Siakam,Pascal,pascal-siakam,43,F,6-9,230,"APR 02, 1994",27.0,4,New Mexico State,1627783,,1610612761
1610612761,2020,00,Aron Baynes,Aron,aron-baynes,46,C-F,6-10,260,"DEC 09, 1986",34.0,8,Washington State,203382,,1610612761
1610612761,2020,00,DeAndre' Bembry,DeAndre',deandre-bembry,95,G-F,6-5,210,"JUL 04, 1994",26.0,4,St. Joseph's (PA),1627761,,1610612761
1610612762,2020,00,Jordan Clarkson,Jordan,jordan-clarkson,00,G,6-4,194,"JUN 07, 1992",29.0,6,Missouri,203903,Traded from CLE on 12/23/19,1610612762
1610612762,2020,00,Joe Ingles,Joe,joe-ingles,2,F-G,6-8,220,"OCT 02, 1987",33.0,6,Maccabi Tel Aviv,204060,,1610612762
1610612762,2020,00,Trent Forrest,Trent,trent-forrest,3,G,6-4,210,"JUN 12, 1998",23.0,R,Florida State,1630235,,1610612762
1610612762,2020,00,Jarrell Brantley,Jarrell,jarrell-brantley,5,F,6-5,250,"JUN 07, 1996",25.0,1,College of Charleston,1629714,,1610612762
1610612762,2020,00,Mike Conley,Mike,mike-conley,10,G,6-1,175,"OCT 11, 1987",33.0,13,Ohio State,201144,,1610612762
1610612762,2020,00,Derrick Favors,Derrick,derrick-favors,15,F,6-9,265,"JUL 15, 1991",29.0,10,Georgia Tech,202324,,1610612762
1610612762,2020,00,Juwan Morgan,Juwan,juwan-morgan,16,F,6-7,232,"APR 17, 1997",24.0,1,Indiana,1629752,,1610612762
1610612762,2020,00,Udoka Azubuike,Udoka,udoka-azubuike,20,C-F,6-10,280,"SEP 17, 1999",21.0,R,Kansas,1628962,,1610612762
1610612762,2020,00,Matt Thomas,Matt,matt-thomas,21,G,6-4,190,"AUG 04, 1994",26.0,1,Iowa State,1629744,,1610612762
1610612762,2020,00,Royce O'Neale,Royce,royce-oneale,23,F,6-4,226,"JUN 05, 1993",28.0,3,Baylor,1626220,,1610612762
1610612762,2020,00,Rudy Gobert,Rudy,rudy-gobert,27,C,7-1,258,"JUN 26, 1992",29.0,7,Cholet,203497,,1610612762
1610612762,2020,00,Georges Niang,Georges,georges-niang,31,F,6-7,230,"JUN 17, 1993",28.0,4,Iowa State,1627777,,1610612762
1610612762,2020,00,Elijah Hughes,Elijah,elijah-hughes,33,G,6-5,215,"MAR 10, 1998",23.0,R,Syracuse,1630190,,1610612762
1610612762,2020,00,Bojan Bogdanović,Bojan,bojan-bogdanović,44,F,6-7,226,"APR 18, 1989",32.0,6,Fenerbahce,202711,,1610612762
1610612762,2020,00,Donovan Mitchell,Donovan,donovan-mitchell,45,G,6-1,215,"SEP 07, 1996",24.0,3,Louisville,1628378,,1610612762
1610612762,2020,00,Ersan Ilyasova,Ersan,ersan-ilyasova,77,F,6-9,235,"MAY 15, 1987",34.0,12,FC Barcelona,101141,,1610612762
1610612762,2020,00,Miye Oni,Miye,miye-oni,81,G-F,6-5,206,"AUG 04, 1997",23.0,1,Yale,1629671,,1610612762
1610612763,2020,00,De'Anthony Melton,De'Anthony,deanthony-melton,0,G,6-2,200,"MAY 28, 1998",23.0,2,Southern California,1629001,,1610612763
1610612763,2020,00,Kyle Anderson,Kyle,kyle-anderson,1,F-G,6-9,230,"SEP 20, 1993",27.0,6,UCLA,203937,,1610612763
1610612763,2020,00,Xavier Tillman,Xavier,xavier-tillman,2,F,6-8,245,"JAN 12, 1999",22.0,R,Michigan State,1630214,,1610612763
1610612763,2020,00,Grayson Allen,Grayson,grayson-allen,3,G,6-4,198,"OCT 08, 1995",25.0,2,Duke,1628960,,1610612763
1610612763,2020,00,Jontay Porter,Jontay,jontay-porter,4,C-F,6-11,240,"NOV 15, 1999",21.0,R,Missouri,1629007,,1610612763
1610612763,2020,00,Justise Winslow,Justise,justise-winslow,7,F-G,6-6,222,"MAR 26, 1996",25.0,5,Duke,1626159,,1610612763
1610612763,2020,00,Tim Frazier,Tim,tim-frazier,10,G,6-0,170,"NOV 01, 1990",30.0,6,Penn State,204025,,1610612763
1610612763,2020,00,Ja Morant,Ja,ja-morant,12,G,6-3,174,"AUG 10, 1999",21.0,1,Murray State,1629630,#2 Pick in 2019 Draft,1610612763
1610612763,2020,00,Jaren Jackson Jr.,Jaren,jaren-jackson-jr,13,F-C,6-11,242,"SEP 15, 1999",21.0,2,Michigan State,1628991,#4 Pick in 2018 Draft,1610612763
1610612763,2020,00,Brandon Clarke,Brandon,brandon-clarke,15,F,6-8,215,"SEP 19, 1996",24.0,1,Gonzaga,1629634,Draft Rights Traded from OKC on 07/06/19,1610612763
1610612763,2020,00,Jonas Valančiūnas,Jonas,jonas-valančiūnas,17,C,6-11,265,"MAY 06, 1992",29.0,8,Lietuvos rytas Vilnius,202685,,1610612763
1610612763,2020,00,Tyus Jones,Tyus,tyus-jones,21,G,6-0,196,"MAY 10, 1996",25.0,5,Duke,1626145,,1610612763
1610612763,2020,00,Desmond Bane,Desmond,desmond-bane,22,G,6-5,215,"JUN 25, 1998",23.0,R,TCU,1630217,,1610612763
1610612763,2020,00,Dillon Brooks,Dillon,dillon-brooks,24,G-F,6-7,225,"JAN 22, 1996",25.0,3,Oregon,1628415,,1610612763
1610612763,2020,00,Sean McDermott,Sean,sean-mcdermott,30,F,6-6,195,"NOV 03, 1996",24.0,R,Butler,1630253,,1610612763
1610612763,2020,00,Killian Tillie,Killian,killian-tillie,35,F-C,6-9,220,"MAR 05, 1998",23.0,R,Gonzaga,1629681,,1610612763
1610612763,2020,00,John Konchar,John,john-konchar,46,G,6-5,210,"MAR 22, 1996",25.0,1,Indiana-Purdue Fort Wayne,1629723,Signed on 07/07/19,1610612763
1610612764,2020,00,Caleb Homesley,Caleb,caleb-homesley,,G,6-6,205,"NOV 27, 1996",24.0,R,Liberty,1630258,,1610612764
1610612764,2020,00,Chandler Hutchison,Chandler,chandler-hutchison,1,F-G,6-6,210,"APR 26, 1996",25.0,2,Boise State,1628990,,1610612764
1610612764,2020,00,Bradley Beal,Bradley,bradley-beal,3,G,6-3,207,"JUN 28, 1993",28.0,8,Florida,203078,,1610612764
1610612764,2020,00,Russell Westbrook,Russell,russell-westbrook,4,G,6-3,200,"NOV 12, 1988",32.0,12,UCLA,201566,,1610612764
1610612764,2020,00,Cassius Winston,Cassius,cassius-winston,5,G,6-1,185,"FEB 28, 1998",23.0,R,Michigan State,1630216,,1610612764
1610612764,2020,00,Rui Hachimura,Rui,rui-hachimura,8,F,6-8,230,"FEB 08, 1998",23.0,1,Gonzaga,1629060,,1610612764
1610612764,2020,00,Deni Avdija,Deni,deni-avdija,9,F,6-9,210,"JAN 03, 2001",20.0,R,Maccabi Tel Aviv,1630166,,1610612764
1610612764,2020,00,Thomas Bryant,Thomas,thomas-bryant,13,C-F,6-10,248,"JUL 31, 1997",23.0,3,Indiana,1628418,,1610612764
1610612764,2020,00,Ish Smith,Ish,ish-smith,14,G,6-0,175,"JUL 05, 1988",32.0,10,Wake Forest,202397,,1610612764
1610612764,2020,00,Robin Lopez,Robin,robin-lopez,15,C,7-0,281,"APR 01, 1988",33.0,12,Stanford,201577,,1610612764
1610612764,2020,00,Anthony Gill,Anthony,anthony-gill,16,F,6-7,230,"OCT 17, 1992",28.0,R,Virginia,1630264,Signed on 11/30/20,1610612764
1610612764,2020,00,Isaac Bonga,Isaac,isaac-bonga,17,G,6-8,180,"NOV 08, 1999",21.0,2,Skyliners Frankfurt,1629067,,1610612764
1610612764,2020,00,Raul Neto,Raul,raul-neto,19,G,6-1,180,"MAY 19, 1992",29.0,5,Murcia,203526,,1610612764
1610612764,2020,00,Daniel Gafford,Daniel,daniel-gafford,21,F-C,6-10,234,"OCT 01, 1998",22.0,1,Arkansas,1629655,,1610612764
1610612764,2020,00,Garrison Mathews,Garrison,garrison-mathews,24,G,6-5,215,"OCT 24, 1996",24.0,1,Lipscomb,1629726,,1610612764
1610612764,2020,00,Alex Len,Alex,alex-len,27,C,7-0,250,"JUN 16, 1993",28.0,7,Maryland,203458,,1610612764
1610612764,2020,00,Dāvis Bertāns,Dāvis,dāvis-bertāns,42,F,6-10,225,"NOV 12, 1992",28.0,4,Baskonia,202722,,1610612764
1610612765,2020,00,Dennis Smith Jr.,Dennis,dennis-smith-jr,0,G,6-2,205,"NOV 25, 1997",23.0,3,North Carolina State,1628372,,1610612765
1610612765,2020,00,Frank Jackson,Frank,frank-jackson,5,G,6-3,205,"MAY 04, 1998",23.0,2,Duke,1628402,,1610612765
1610612765,2020,00,Hamidou Diallo,Hamidou,hamidou-diallo,6,G,6-5,202,"JUL 31, 1998",22.0,2,Kentucky,1628977,,1610612765
1610612765,2020,00,Killian Hayes,Killian,killian-hayes,7,G,6-5,195,"JUL 27, 2001",19.0,R,Ratiopharm Ulm,1630165,,1610612765
1610612765,2020,00,Wayne Ellington,Wayne,wayne-ellington,8,G,6-4,207,"NOV 29, 1987",33.0,11,North Carolina,201961,,1610612765
1610612765,2020,00,Jerami Grant,Jerami,jerami-grant,9,F,6-8,210,"MAR 12, 1994",27.0,6,Syracuse,203924,,1610612765
1610612765,2020,00,Jahlil Okafor,Jahlil,jahlil-okafor,13,C-F,6-10,270,"DEC 15, 1995",25.0,5,Duke,1626143,,1610612765
1610612765,2020,00,Rodney McGruder,Rodney,rodney-mcgruder,17,G,6-4,205,"JUL 29, 1991",29.0,4,Kansas State,203585,,1610612765
1610612765,2020,00,Cory Joseph,Cory,cory-joseph,18,G,6-3,200,"AUG 20, 1991",29.0,9,Texas,202709,,1610612765
1610612765,2020,00,Josh Jackson,Josh,josh-jackson,20,G-F,6-8,207,"FEB 10, 1997",24.0,3,Kansas,1628367,,1610612765
1610612765,2020,00,Mason Plumlee,Mason,mason-plumlee,24,F-C,6-11,254,"MAR 05, 1990",31.0,7,Duke,203486,,1610612765
1610612765,2020,00,Tyler Cook,Tyler,tyler-cook,25,F,6-8,255,"SEP 23, 1997",23.0,1,Iowa,1629076,,1610612765
1610612765,2020,00,Isaiah Stewart,Isaiah,isaiah-stewart,28,F-C,6-8,250,"MAY 22, 2001",20.0,R,Washington,1630191,Draft Rights Traded from HOU on 11/24/20,1610612765
1610612765,2020,00,Saben Lee,Saben,saben-lee,38,G,6-2,183,"JUN 23, 1999",22.0,R,Vanderbilt,1630240,,1610612765
1610612765,2020,00,Saddiq Bey,Saddiq,saddiq-bey,41,F,6-7,215,"APR 09, 1999",22.0,R,Villanova,1630180,,1610612765
1610612765,2020,00,Sekou Doumbouya,Sekou,sekou-doumbouya,45,F,6-8,230,"DEC 23, 2000",20.0,1,,1629635,,1610612765
1610612765,2020,00,Deividas Sirvydis,Deividas,deividas-sirvydis,91,F-G,6-8,190,"JUN 10, 2000",21.0,R,Lietuvos rytas Vilnius,1629686,,1610612765
1610612766,2020,00,Miles Bridges,Miles,miles-bridges,0,F,6-6,225,"MAR 21, 1998",23.0,2,Michigan State,1628970,Draft Rights Traded from LAC on 06/21/18,1610612766
1610612766,2020,00,Malik Monk,Malik,malik-monk,1,G,6-3,200,"FEB 04, 1998",23.0,3,Kentucky,1628370,,1610612766
1610612766,2020,00,LaMelo Ball,LaMelo,lamelo-ball,2,G,6-6,180,"AUG 22, 2001",19.0,R,Illawarra,1630163,#3 Pick in 2020 Draft,1610612766
1610612766,2020,00,Terry Rozier,Terry,terry-rozier,3,G,6-1,190,"MAR 17, 1994",27.0,5,Louisville,1626179,,1610612766
1610612766,2020,00,Devonte' Graham,Devonte',devonte-graham,4,G,6-1,195,"FEB 22, 1995",26.0,2,Kansas,1628984,,1610612766
1610612766,2020,00,Jalen McDaniels,Jalen,jalen-mcdaniels,6,F-C,6-9,205,"JAN 31, 1998",23.0,1,San Diego State,1629667,,1610612766
1610612766,2020,00,Grant Riller,Grant,grant-riller,7,G,6-2,190,"FEB 08, 1997",24.0,R,College of Charleston,1630203,,1610612766
1610612766,2020,00,Bismack Biyombo,Bismack,bismack-biyombo,8,C,6-8,255,"AUG 28, 1992",28.0,9,Baloncesto Fuenlabrada,202687,,1610612766
1610612766,2020,00,Brad Wanamaker,Brad,brad-wanamaker,9,G,6-3,210,"JUL 25, 1989",31.0,2,Pittsburgh,202954,,1610612766
1610612766,2020,00,Caleb Martin,Caleb,caleb-martin,10,F,6-5,205,"SEP 28, 1995",25.0,1,Nevada,1628997,,1610612766
1610612766,2020,00,Cody Martin,Cody,cody-martin,11,F,6-5,205,"SEP 28, 1995",25.0,1,Nevada,1628998,,1610612766
1610612766,2020,00,Nick Richards,Nick,nick-richards,14,C,7-0,245,"NOV 29, 1997",23.0,R,Kentucky,1630208,,1610612766
1610612766,2020,00,Gordon Hayward,Gordon,gordon-hayward,20,F,6-7,225,"MAR 23, 1990",31.0,10,Butler,202330,,1610612766
1610612766,2020,00,Vernon Carey Jr.,Vernon,vernon-carey-jr,22,F-C,6-9,270,"FEB 25, 2001",20.0,R,Duke,1630176,,1610612766
1610612766,2020,00,P.J. Washington,P.J.,pj-washington,25,F,6-7,230,"AUG 23, 1998",22.0,1,Kentucky,1629023,,1610612766
1610612766,2020,00,Nate Darling,Nate,nate-darling,30,G,6-6,200,"AUG 30, 1998",22.0,R,Delaware,1630268,,1610612766
1610612766,2020,00,Cody Zeller,Cody,cody-zeller,40,F-C,6-11,240,"OCT 05, 1992",28.0,7,Indiana,203469,,1610612766
